index,Unnamed: 0,sentence,label
18,18,"We failed to provide evidence of an association between PKLR rs3020781 and @GENE$ and @DISEASE$, overweight, obesity or related quantitative metabolic phenotypes in large-scale studies of Danes.",1
275,275,"Genetic, epidemiological and biological analysis of interleukin-10 promoter single-nucleotide polymorphisms suggests a definitive role for @GENE$ in @DISEASE$ susceptibility.",1
230,230,"Furthermore, we show that the HIV-DNA levels (reflecting the @DISEASE$ reservoir) are associated with the same four SNPs, but also with two additional SNPs on chromosome 17 (rs6503919; intergenic region flanked by the DDX40 and YPEL2 genes) and chromosome 8 (@GENE$; within the Syndecan 2 gene).",0
289,289,We observed that the @GENE$ allele is associated with @DISEASE$ susceptibility either in the case-control or in the meta-analysis studies.,1
173,173,"Additionally, the PKLR and the @GENE$ genotypes were demonstrated not to have a major influence on @DISEASE$.",1
232,232,"Two hundred and twenty-three incident @DISEASE$ cases and 229 controls recruited from Saudi Arabian population were analyzed for 21 loci in 8 selected DNA repair genes by PCR-restriction fragment length polymorphism including non-homologous end joining pathway genes LIGIV (LIGlV ASP62HIS, PRO231SER, TRP46TER), XRCC4 Splice 33243301G>A and XRCC7 ILE3434THR; homologous recombination pathway genes XRCC3 ARG94HIS and THR241MET, RAD51 UTR 15452658T>C, 15455419A>G, RAD52 2259 and GLN221GLU, conserved DNA damage response gene Tp53 PRO47SER, PRO72ARG, Tp53 UTR 7178189A>C and base excision repair gene XRCC1 ARG194TRP, ARG280HIS, ARG399GLN, @GENE$.",0
303,303,"Individual LOXL1 SNPs, rs1048661, rs3825942, and @GENE$, were not associated with @DISEASE$ in the Chinese population.",1
204,204,Haplotypes combining promoter single-nucleotide polymorphisms also implicated a haplotype carrying the @GENE$ allele in @DISEASE$ susceptibility (odds ratio (OR)=1.40; P=0.01).,1
110,110,@GENE$ constructed by the two SNPs was also significantly associated with @DISEASE$ (permutation p value = .0047).,1
58,58,"We conclude that stx genotype is one of the important factors of clinical outcome of @DISEASE$ and that pathogenicity for humans was higher in the @GENE$ genotype strains than in the stx2vha genotype strains, as reported previously by other researchers.",1
248,248,"A common SNP upstream of the INSIG2 gene, @GENE$ (g.-10,1025G>C, Chr2:118,552,255, NT_022135.15), was reported to be associated with @DISEASE$ (Body Mass Index, [BMI]) in a genome-wide association scan using the Framingham Heart Study but has not been reproduced in other cohorts.",0
329,329,"On the other hand the frequency of IL-1alpha TT -889 genotype (p=0.028), IL-1R C pst1 1970 allele (p=0.0001) and CC genotype (p=0.00006), @GENE$ (p=0.0002) and GG genotype (p=0.000001) decreased significantly in the patients versus normal subjects.These results suggest that polymorphic variations of these pro-inflammatory cytokines may play an important role in susceptibility of Iranian @DISEASE$ patients.",1
123,123,"@GENE$ (ApoE) polymorphism influences lipid metabolism, but its association with @DISEASE$ is controversial.",1
145,145,"For the remaining markers, a susceptibility role was attributed also confirming that markers on CARD15 gene, in particular @GENE$ and L1007fsinsC, are involved with @DISEASE$ to the same extent as FcGIIIA G559T and TNF-alpha-G308A.",1
120,120,"@GENE$ genotypes CG and variants carrying G allele showed statistical significance and very high risk of developing @DISEASE$ compared to wild type [CG vs CC; p<0.001, odds ratio (OR)=15.57, 95% confidence interval (CI)=6.56-36.98, CG+GG vs CC; p<0.001, OR=17.58, 95% CI=7.44-41.58].",1
32,32,The @GENE$ pathway plays a pivotal role in the development of @DISEASE$ seen in the inflammatory bowel diseases.,1
37,37,"We genotyped the four single-nucleotide polymorphisms (rs706778, rs3118470, ss52580101, and rs11594656) of the @GENE$ in 885 patients with @DISEASE$ and 606 control subjects of Japanese origin.",1
334,334,The @GENE$ SNP could be considered as a genetic marker to predict the clinical course of patients suffering from @DISEASE$ and hypopharyngeal cancer.,1
262,262,Elevation of @GENE$ expression in @DISEASE$ with Gsalpha protein mutation.,1
257,257,The K121Q polymorphism in the ectonucleotide pyrophosphatase/phosphodiesterase (ENPP)-1 gene and the @GENE$ genotype located near insulin-induced gene 2 have been shown to be associated with @DISEASE$ and obesity.,1
125,125,Previous studies of the @DISEASE$ have shown that @GENE$ and Chemokine receptor genetic variants influence disease progression and early viral load.,1
61,61,"We failed to provide evidence of an association between @GENE$ and NOS1AP rs7538490 and @DISEASE$, overweight, obesity or related quantitative metabolic phenotypes in large-scale studies of Danes.",1
236,236,"In the case-control association analysis, the g.-247C/T polymorphism at the promoter region (rs10399805; P = 0.0062) and the IVS7+82C/T polymorphism at intron 7 (rs2275353; P = 0.0056) of @GENE$ showed a significant association with @DISEASE$.",1
237,237,"In humans, loss-of-function of the cilia-centrosomal protein @GENE$ is associated with @DISEASE$ and Meckel syndromes, whereas hypomorphic mutations result in Leber congenital amaurosis (LCA), a form of early-onset retinal dystrophy.",1
241,241,"The haplotypes constructed from the three SNPs (rs3840846, rs3826047 and rs3743500, in order) in the 5'-upstream of @GENE$ showed a significant association with schizophrenia (permutation P=0.036), in that T-G-T (permutation P=0.028) and del-G-G (permutation P=0.040) were under-represented and over-represented, respectively, in @DISEASE$.",1
291,291,"Our previous study demonstrated that expression of HCNPpp mRNA was decreased in the hippocampi of autopsied brains of @DISEASE$ (AD) patients, indicating the association of @GENE$ with the pathogenesis of AD.",1
126,126,"Our previous study demonstrated that expression of @GENE$ mRNA was decreased in the hippocampi of autopsied brains of Alzheimer's disease (AD) patients, indicating the association of HCNP with the pathogenesis of @DISEASE$.",1
158,158,"Of the 21 loci screened, RAD52 2259 and @GENE$ may be of importance to disease process and may be associated with @DISEASE$ risk in Saudi Arabian population.",1
292,292,"Recently, mutations have been identified in the @GENE$ gene in Caucasian families with @DISEASE$.",0
109,109,Role of @GENE$ gene in the development of pancreatic cancer and efficiency of inhibitors of this gene in the treatment of @DISEASE$.,1
122,122,"Surprisingly, the 602S allele is associated with a decreased incidence of @DISEASE$, suggesting that Mycobacterium leprae subverts the @GENE$ system as a mechanism of immune evasion.",0
320,320,"Especially, the SNP rs491347 and its strongly associated SNPs (e.g., @GENE$) could be important to human @DISEASE$ phenotypes.",1
0,0,"In humans, loss-of-function of the cilia-centrosomal protein @GENE$ is associated with Joubert and @DISEASE$, whereas hypomorphic mutations result in Leber congenital amaurosis (LCA), a form of early-onset retinal dystrophy.",1
75,75,"The expression of GHRH receptor (GHRHR) is regulated by @GENE$, both of which are known to be expressed in human @DISEASE$ cells.",1
255,255,Genetic variation in the promoter region of @GENE$ is associated with @DISEASE$.,1
